framework,ip,status,count
Ollama,http://172.67.156.37:80,403,13
Ollama,http://39.162.11.137:11434,404,5
Ollama,http://14.103.164.189:11434,404,2
Ollama,http://185.175.47.20:11434,404,7
Ollama,http://172.104.178.137:3016,200,12
Ollama,http://172.104.178.137:3016,401,1
Ollama,http://139.162.17.182:3016,401,1
Ollama,http://47.128.145.130:10225,200,5
Ollama,http://172.104.167.115:3022,200,3
Ollama,http://172.234.236.109:2079,200,7
Ollama,http://23.239.12.230:3054,200,5
Ollama,http://139.144.212.26:1724,200,13
Ollama,http://45.33.95.187:6510,200,5
Ollama,http://125.76.225.65:11434,404,4
Ollama,http://172.67.72.229:80,403,6
Ollama,http://117.72.82.15:11434,404,2
Ollama,http://117.53.144.221:11434,404,5
Ollama,http://219.240.172.108:443,400,8
Ollama,http://92.112.184.97:443,404,3
Ollama,http://172.93.186.226:11434,404,3
Ollama,http://18.229.196.51:80,403,5
Ollama,http://139.162.112.41:7712,200,3
Ollama,http://172.104.41.42:3072,200,4
Ollama,http://172.104.178.85:3019,200,8
Ollama,http://172.104.146.25:3095,200,4
Ollama,http://97.107.137.87:3134,200,4
Ollama,http://139.162.229.77:12362,200,4
Ollama,http://172.233.233.49:3108,200,3
Ollama,http://172.234.64.214:6561,200,7
Ollama,http://172.233.228.183:4443,200,7
Ollama,http://15.223.207.175:3528,200,8
Ollama,http://45.33.245.225:11434,404,6
Ollama,http://85.159.210.170:9870,200,3
Ollama,http://8.138.24.157:11434,404,3
Ollama,http://172.104.41.237:8082,200,3
Ollama,http://172.236.150.11:66,200,7
Ollama,http://139.144.203.131:5002,200,7
Ollama,http://85.90.247.40:2096,200,6
Ollama,http://173.255.192.81:3141,200,7
Ollama,http://172.233.120.84:12366,200,7
Ollama,http://88.80.186.38:4344,200,6
Ollama,http://164.92.81.201:11434,500,2
Ollama,http://198.58.114.202:3104,200,6
Ollama,http://129.153.229.32:11434,404,6
Ollama,http://202.189.7.223:443,400,5
Ollama,http://220.194.141.61:12233,404,6
Ollama,http://41.89.8.169:11434,404,4
Ollama,http://72.146.53.17:80,200,7
Ollama,http://108.187.251.194:11434,404,2
Ollama,http://172.234.246.4:4431,200,6
Ollama,http://178.79.149.219:12323,200,4
Ollama,http://198.58.112.235:3147,200,7
Ollama,http://173.255.235.20:3524,200,5
Ollama,http://198.58.112.235:9595,200,3
Ollama,http://39.162.11.137:11434,200,4
Ollama,http://103.49.70.253:11434,404,2
Ollama,http://172.234.120.16:63045,200,5
Ollama,http://82.157.188.40:443,400,5
Ollama,http://54.215.157.140:9001,200,6
Ollama,http://120.55.65.148:9050,404,2
Ollama,http://8.141.26.248:11434,404,1
Ollama,http://45.33.245.225:11434,200,4
Ollama,http://45.33.1.142:4070,200,6
Ollama,http://185.175.47.20:11434,200,4
Ollama,http://172.105.91.242:3051,200,4
Ollama,http://172.236.203.139:3388,200,4
Ollama,http://172.233.192.168:3175,200,7
Ollama,http://41.89.8.169:11434,200,3
Ollama,http://45.56.71.80:20292,200,9
Ollama,http://139.162.229.238:12364,200,3
Ollama,http://85.159.210.170:8834,200,3
Ollama,http://182.92.153.44:11434,404,2
Ollama,http://43.239.162.94:11434,404,3
Ollama,http://45.79.180.44:3156,200,1
Ollama,http://87.98.183.146:11434,404,2
Ollama,http://117.53.144.221:11434,200,3
Ollama,http://3.252.41.72:8002,200,2
Ollama,http://1.95.144.211:11434,404,7
Ollama,http://139.162.189.84:3081,200,8
Ollama,http://139.144.212.26:243,200,7
Ollama,http://220.194.141.61:12233,200,4
Ollama,http://15.223.199.62:523,200,3
Ollama,http://23.249.179.245:11434,200,7
Ollama,http://15.168.238.161:10087,200,6
Ollama,http://139.162.82.239:3528,200,5
Ollama,http://173.255.192.81:3016,200,3
Ollama,http://172.233.116.54:58443,200,7
Ollama,http://23.239.12.230:3175,200,7
Ollama,http://216.12.173.86:11434,404,2
Ollama,http://98.83.97.20:443,400,4
Ollama,http://45.79.180.14:30005,200,2
Ollama,http://23.239.12.184:3086,200,1
Ollama,http://139.162.150.179:8082,200,2
Ollama,http://43.206.220.6:15000,200,5
Ollama,http://15.235.66.180:11434,404,5
Ollama,http://110.235.85.220:11434,404,4
Ollama,http://139.144.210.30:9090,200,3
Ollama,http://172.234.44.170:443,200,3
Ollama,http://198.74.57.198:4524,200,5
Ollama,http://111.229.47.38:11434,404,2
Ollama,http://154.57.220.53:443,400,3
Ollama,http://43.239.162.94:11434,200,3
Ollama,http://14.103.164.189:11434,200,2
Ollama,http://87.98.183.146:11434,200,2
Ollama,http://129.153.229.32:11434,200,4
Ollama,http://1.95.144.211:11434,200,5
Ollama,http://50.116.23.37:3074,200,5
Ollama,http://164.92.81.201:11434,200,2
Ollama,http://108.187.250.245:11434,404,2
Ollama,http://15.235.66.180:11434,200,3
Ollama,http://8.141.26.248:11434,400,1
Ollama,http://43.207.114.39:8888,200,7
Ollama,http://23.249.178.43:11434,200,5
Ollama,http://203.69.53.137:27000,404,2
Ollama,http://172.105.70.168:3021,200,5
Ollama,http://38.54.75.244:3132,200,4
Ollama,http://103.49.70.253:11434,200,3
Ollama,http://216.152.233.170:11434,200,3
Ollama,http://173.255.192.64:3089,200,4
Ollama,http://16.176.2.121:10093,200,6
Ollama,http://97.107.137.240:3096,200,5
Ollama,http://172.233.27.101:60099,200,7
Ollama,http://8.141.26.248:11434,500,1
Ollama,http://203.69.53.137:2002,404,2
Ollama,http://125.76.225.65:11434,200,3
Ollama,http://182.92.153.44:11434,200,2
Ollama,http://139.162.17.182:3016,200,3
Ollama,http://72.146.53.17:80,404,2
Ollama,http://216.12.173.86:11434,200,1
Ollama,http://88.80.186.5:2882,200,4
Ollama,http://120.55.65.148:9050,200,3
Ollama,http://172.233.233.31:2024,200,4
Ollama,http://13.203.204.120:9200,200,3
Ollama,http://172.104.41.42:3072,401,1
Ollama,http://13.211.233.65:27017,200,2
Ollama,http://117.72.82.15:11434,200,3
Ollama,http://203.69.53.137:27000,200,1
Ollama,http://110.235.85.220:11434,200,3
Ollama,http://216.152.233.170:11434,404,1
Ollama,http://23.249.179.245:11434,404,2
Ollama,http://172.93.186.226:11434,200,3
Ollama,http://203.69.53.137:2002,200,1
Ollama,http://108.187.251.194:11434,200,2
Ollama,http://129.153.229.32:11434,500,1
Ollama,http://8.138.24.157:11434,200,3
Ollama,http://108.187.250.245:11434,200,1
Ollama,http://23.249.178.43:11434,404,1
Ollama,http://111.229.47.38:11434,200,1
Text Generate WebUI,http://5.59.249.94:8000,403,5
Text Generate WebUI,http://5.59.249.94:8000,404,1
Text Generate WebUI,http://64.227.99.206:8084,404,24
Text Generate WebUI,http://113.45.205.246:8000,403,10
Text Generate WebUI,http://1.95.147.249:8000,403,5
Text Generate WebUI,http://185.106.176.57:8008,404,12
Text Generate WebUI,http://101.43.150.107:10002,400,12
Text Generate WebUI,http://87.78.22.169:8080,404,12
Text Generate WebUI,http://38.147.173.245:8000,403,15
Text Generate WebUI,http://210.146.68.56:10180,404,18
Text Generate WebUI,http://64.176.167.2:8000,403,5
Text Generate WebUI,http://43.155.154.35:8000,403,10
Text Generate WebUI,http://47.113.206.55:8001,502,6
Text Generate WebUI,http://39.99.156.148:8001,403,10
Text Generate WebUI,http://104.168.122.166:8080,405,10
Text Generate WebUI,http://43.155.154.35:8000,404,2
Text Generate WebUI,http://64.176.167.2:8000,404,1
Text Generate WebUI,http://38.147.173.245:8000,404,3
Text Generate WebUI,http://113.45.205.246:8000,404,2
Text Generate WebUI,http://1.95.147.249:8000,404,1
Text Generate WebUI,http://39.99.156.148:8001,404,2
Text Generate WebUI,http://104.168.122.166:8080,200,2
Ollama,http://108.187.250.157:11434,404,6
Ollama,http://108.187.250.157:11434,200,6
Ollama,http://108.187.250.157:11434,500,1
Ollama,http://74.208.236.47:443,400,13
Ollama,http://120.27.135.170:11434,404,2
Ollama,http://13.112.4.5:10283,200,7
Ollama,http://58.186.161.188:11434,404,2
Ollama,http://158.69.163.177:11434,404,4
Ollama,http://172.104.41.34:3010,200,9
Ollama,http://172.104.242.228:3082,200,6
Ollama,http://170.187.142.172:7199,200,6
Ollama,http://45.79.180.119:3108,200,4
Ollama,http://172.233.123.92:62080,200,8
Ollama,http://172.234.120.16:3689,200,8
Ollama,http://172.234.43.118:3116,200,6
Ollama,http://172.105.203.215:3299,200,5
Ollama,http://94.191.42.248:11434,404,1
Ollama,http://47.122.20.47:11434,404,4
Ollama,http://43.143.216.241:61130,404,3
Ollama,http://8.219.86.157:11434,404,3
Ollama,http://43.133.241.44:443,400,18
Ollama,http://63.178.23.6:777,200,3
Ollama,http://172.67.194.112:443,400,9
Ollama,http://104.232.99.144:11434,404,3
Ollama,http://172.104.41.106:3055,200,4
Ollama,http://49.233.55.149:11434,404,3
Ollama,http://139.162.17.182:3013,401,1
Ollama,http://139.162.185.152:4433,200,3
Ollama,http://69.164.193.108:4439,200,6
Ollama,http://172.104.151.37:57783,200,4
Ollama,http://23.239.24.249:52230,200,9
Ollama,http://172.105.89.21:12361,200,7
Ollama,http://172.104.214.104:3127,200,1
Ollama,http://139.162.195.205:3099,200,7
Ollama,http://154.205.140.170:5902,200,10
Ollama,http://172.234.44.170:5701,200,7
Ollama,http://172.234.151.170:53413,200,5
Ollama,http://172.232.128.235:4022,200,8
Ollama,http://172.233.27.101:55481,200,9
Ollama,http://139.129.216.174:11434,404,5
Ollama,http://108.187.250.23:11434,404,5
Ollama,http://45.33.2.200:3137,200,5
Ollama,http://66.175.209.243:3138,200,13
Ollama,http://172.235.17.116:8443,200,7
Ollama,http://18.230.20.109:81,200,5
Ollama,http://45.33.1.142:12350,200,8
Ollama,http://172.104.151.37:93,200,3
Ollama,http://176.58.105.12:12361,200,4
Ollama,http://172.233.237.54:7707,200,9
Ollama,http://39.105.113.29:80,502,3
Ollama,http://116.178.28.213:18002,404,4
Ollama,http://175.122.20.195:443,400,9
Ollama,http://14.178.142.213:8251,404,2
Ollama,http://35.209.79.241:8080,404,3
Ollama,http://150.136.244.107:11434,200,6
Ollama,http://8.153.37.253:11434,404,3
Ollama,http://110.144.145.197:11434,404,2
Ollama,http://96.126.106.253:3117,200,6
Ollama,http://172.104.252.169:58532,200,4
Ollama,http://172.233.228.88:3053,200,7
Ollama,http://221.234.128.109:43434,404,2
Ollama,http://65.2.11.52:8020,200,4
Ollama,http://172.233.204.220:2404,200,13
Ollama,http://139.162.161.191:20292,200,7
Ollama,http://3.69.45.82:8888,200,4
Ollama,http://47.108.186.100:11434,500,2
Ollama,http://107.163.206.3:11434,404,3
Ollama,http://172.104.189.206:3094,200,9
Ollama,http://139.162.82.239:50001,200,4
Ollama,http://216.152.233.198:11434,200,5
Ollama,http://198.58.114.202:3079,200,7
Ollama,http://108.187.251.230:11434,404,3
Ollama,http://39.65.87.134:11434,404,3
Ollama,http://139.129.216.174:11434,200,3
Ollama,http://23.239.11.69:3065,200,5
Ollama,http://172.236.148.100:2087,200,6
Ollama,http://45.79.180.119:3077,200,2
Ollama,http://45.79.215.11:8800,200,6
Ollama,http://96.126.106.159:3014,200,4
Ollama,http://45.33.245.245:11434,404,3
Ollama,http://3.71.195.3:8008,200,7
Ollama,http://146.148.212.237:11434,404,2
Ollama,http://108.187.251.176:11434,404,2
Ollama,http://172.104.167.185:3109,200,8
Ollama,http://139.162.17.182:3013,200,7
Ollama,http://176.58.126.184:3160,200,5
Ollama,http://172.104.238.92:12327,200,5
Ollama,http://96.126.106.253:3131,200,6
Ollama,http://172.104.242.228:3099,200,5
Ollama,http://139.162.60.37:54327,200,4
Ollama,http://165.22.123.147:11434,404,2
Ollama,http://101.126.152.137:11434,404,2
Ollama,http://15.223.197.180:8123,200,4
Ollama,http://173.255.235.204:31,200,6
Ollama,http://139.162.52.149:3121,200,6
Ollama,http://172.104.214.104:3117,200,10
Ollama,http://140.206.95.94:62434,404,4
Ollama,http://186.249.235.131:7777,404,2
Ollama,http://14.178.142.213:8251,200,3
Ollama,http://149.200.253.177:11434,200,3
Ollama,http://81.17.99.63:80,404,2
Ollama,http://111.67.202.146:11434,404,2
Ollama,http://165.22.123.147:11434,400,3
Ollama,http://49.233.55.149:11434,200,3
Ollama,http://172.87.218.163:11434,404,2
Ollama,http://158.69.163.177:11434,200,3
Ollama,http://108.187.250.23:11434,200,4
Ollama,http://176.58.105.248:9092,200,3
Ollama,http://172.104.83.132:57788,200,4
Ollama,http://45.79.221.60:3119,200,3
Ollama,http://97.107.137.240:3073,200,7
Ollama,http://40.160.3.2:3000,404,3
Ollama,http://216.12.168.88:11434,200,3
Ollama,http://104.232.101.35:11434,404,3
Ollama,http://178.79.149.219:2079,200,5
Ollama,http://18.216.198.36:9020,200,6
Ollama,http://172.87.218.163:11434,400,3
Ollama,http://106.15.52.47:11434,404,2
Ollama,http://139.227.253.66:11434,404,2
Ollama,http://116.178.28.213:18002,200,3
Ollama,http://150.136.244.107:11434,404,2
Ollama,http://172.104.178.137:3083,401,1
Ollama,http://39.65.87.134:11434,200,3
Ollama,http://69.164.213.20:12347,200,7
Ollama,http://35.209.79.241:8080,200,3
Ollama,http://172.104.178.137:3083,200,3
Ollama,http://50.116.34.133:2078,200,2
Ollama,http://140.206.95.94:62434,200,3
Ollama,http://165.22.123.147:11434,500,1
Ollama,http://139.162.215.207:3003,200,7
Ollama,http://47.122.126.142:11434,404,2
Ollama,http://172.232.7.42:51201,200,7
Ollama,http://145.223.30.85:80,404,5
Ollama,http://221.234.128.109:43434,200,2
Ollama,http://178.79.157.158:666,200,6
Ollama,http://45.33.245.245:11434,200,3
Ollama,http://101.126.152.137:11434,200,3
Ollama,http://104.232.101.35:11434,200,3
Ollama,http://108.187.251.230:11434,200,3
Ollama,http://106.15.52.47:11434,200,2
Ollama,http://104.232.99.144:11434,200,3
Ollama,http://8.219.86.157:11434,200,3
Ollama,http://139.177.194.240:57782,200,4
Ollama,http://165.22.123.147:11434,200,1
Ollama,http://58.186.161.188:11434,200,3
Ollama,http://66.228.34.109:3070,200,4
Ollama,http://8.153.37.253:11434,200,3
Ollama,http://47.122.126.142:11434,200,2
Ollama,http://139.144.201.82:10030,200,2
Ollama,http://47.129.206.191:3000,200,3
Ollama,http://108.187.251.176:11434,200,2
Ollama,http://47.122.20.47:11434,200,3
Ollama,http://43.143.216.241:61130,200,3
Ollama,http://158.69.163.177:11434,500,1
Ollama,http://107.163.206.3:11434,200,3
Ollama,http://172.104.41.34:3010,401,2
Ollama,http://172.87.218.163:11434,500,1
Ollama,http://47.108.186.100:11434,200,3
Ollama,http://40.160.3.2:3000,200,3
Ollama,http://216.12.168.88:11434,404,1
Ollama,http://139.162.112.20:1177,200,1
Ollama,http://146.148.212.237:11434,200,2
Ollama,http://120.27.135.170:11434,200,3
Ollama,http://172.87.218.163:11434,200,1
Ollama,http://111.67.202.146:11434,200,1
Ollama,http://139.227.253.66:11434,200,1
Ollama,http://108.187.250.23:11434,500,1
Ollama,http://139.129.216.174:11434,400,1
Ollama,http://47.108.186.100:11434,404,1
Ollama,http://107.163.206.3:11434,500,1
Ollama,http://139.162.60.37:54327,401,1
Text Generate WebUI,http://103.117.222.60:8000,403,5
Text Generate WebUI,http://192.144.239.168:8000,403,5
Text Generate WebUI,http://8.138.122.59:8000,403,12
Text Generate WebUI,http://43.163.8.33:8000,403,10
Text Generate WebUI,http://8.17.147.160:10008,404,18
Text Generate WebUI,http://148.135.45.121:8000,403,9
Text Generate WebUI,http://154.222.0.226:8000,403,5
Text Generate WebUI,http://8.138.169.139:8000,403,6
Text Generate WebUI,http://154.222.0.226:8000,404,1
Text Generate WebUI,http://39.102.210.33:8000,403,5
Text Generate WebUI,http://192.144.239.168:8000,404,1
Text Generate WebUI,http://43.163.8.33:8000,404,2
Text Generate WebUI,http://103.117.222.60:8000,404,1
Text Generate WebUI,http://39.102.210.33:8000,404,1
Text Generate WebUI,http://148.135.45.121:8000,404,2
Ollama,http://47.120.47.251:11434,400,13
Ollama,http://111.198.34.4:11434,200,4
Ollama,http://111.198.34.4:11434,404,7
Ollama,http://81.70.23.38:6100,404,2
Ollama,http://1.92.136.213:11434,404,5
Ollama,http://31.220.79.12:11434,404,7
Ollama,http://31.220.79.12:11434,200,6
Ollama,http://13.212.39.231:10209,200,7
Ollama,http://45.41.93.44:11434,404,2
Ollama,http://202.92.214.37:11434,404,4
Ollama,http://43.207.114.39:1433,200,4
Ollama,http://139.162.60.37:55388,200,13
Ollama,http://172.237.11.97:6881,400,7
Ollama,http://47.109.16.135:11434,404,4
Ollama,http://66.228.62.56:3169,200,13
Ollama,http://107.163.179.154:11434,404,2
Ollama,http://173.255.192.64:3018,200,7
Ollama,http://13.38.54.86:8058,200,9
Ollama,http://178.79.183.232:3014,200,8
Ollama,http://173.255.192.81:3083,200,5
Ollama,http://66.228.32.175:3157,200,5
Ollama,http://50.116.34.199:443,200,7
Ollama,http://66.228.34.109:3065,200,5
Ollama,http://104.200.19.241:20202,200,7
Ollama,http://139.144.198.214:8005,200,6
Ollama,http://97.107.137.87:8084,200,5
Ollama,http://139.162.189.84:9090,200,6
Ollama,http://172.234.42.54:5001,200,5
Ollama,http://170.187.142.123:4036,200,7
Ollama,http://38.54.76.5:3132,200,6
Ollama,http://172.232.7.42:20332,200,8
Ollama,http://23.92.30.249:1024,200,11
Ollama,http://172.104.41.42:3048,401,1
Ollama,http://95.216.23.60:8090,404,2
Ollama,http://65.109.32.218:443,400,8
Ollama,http://203.69.53.137:12136,404,3
Ollama,http://69.164.193.108:3100,200,4
Ollama,http://170.187.142.172:7547,200,7
Ollama,http://45.79.180.44:10095,200,7
Ollama,http://45.79.221.11:3103,200,11
Ollama,http://176.58.105.12:12364,200,5
Ollama,http://74.207.229.249:3157,200,7
Ollama,http://172.105.203.215:5919,200,2
Ollama,http://172.105.13.253:59012,200,6
Ollama,http://172.105.13.253:54327,200,8
Ollama,http://172.233.228.48:3074,200,8
Ollama,http://203.69.53.137:12082,404,2
Ollama,http://23.249.178.41:11434,200,6
Ollama,http://172.104.41.42:3048,200,7
Ollama,http://172.104.189.206:3120,200,4
Ollama,http://45.79.221.11:3053,200,6
Ollama,http://88.80.185.222:6665,200,6
Ollama,http://172.104.178.85:3078,200,7
Ollama,http://50.116.60.97:61617,200,3
Ollama,http://23.239.24.249:5061,200,6
Ollama,http://34.244.160.78:7547,200,4
Ollama,http://172.233.120.84:12348,200,10
Ollama,http://85.159.210.170:3072,200,6
Ollama,http://172.87.194.10:11434,404,3
Ollama,http://120.241.223.175:11434,404,2
Ollama,http://139.162.82.239:8088,200,5
Ollama,http://112.94.11.141:11434,404,3
Ollama,http://139.162.175.20:11434,404,4
Ollama,http://85.175.97.73:80,404,8
Ollama,http://146.56.172.187:11434,404,2
Ollama,http://172.105.97.22:11434,404,3
Ollama,http://172.104.238.92:12341,200,5
Ollama,http://139.177.200.128:12354,200,4
Ollama,http://139.162.150.179:3134,200,9
Ollama,http://74.207.227.127:5225,200,6
Ollama,http://178.79.176.156:3093,200,5
Ollama,http://74.207.232.213:3152,200,5
Ollama,http://198.58.112.235:3121,200,9
Ollama,http://23.239.12.230:3010,200,8
Ollama,http://172.234.44.164:2010,200,5
Ollama,http://85.159.209.239:3164,200,2
Ollama,http://172.234.142.90:7014,200,6
Ollama,http://144.76.2.121:11434,404,2
Ollama,http://54.90.144.239:2095,200,8
Ollama,http://172.105.97.22:11434,200,3
Ollama,http://52.175.29.2:11434,404,3
Ollama,http://173.255.192.47:3161,200,6
Ollama,http://54.216.207.122:49152,200,7
Ollama,http://85.175.97.73:80,200,1
Ollama,http://1.92.136.213:11434,200,3
Ollama,http://203.69.53.137:12136,200,3
Ollama,http://173.255.203.214:9000,200,3
Ollama,http://54.233.49.57:3310,200,5
Ollama,http://47.109.16.135:11434,200,3
Ollama,http://184.72.16.175:9080,200,3
Ollama,http://145.223.97.175:11434,404,2
Ollama,http://121.37.158.64:11434,404,2
Ollama,http://172.105.78.117:12321,200,3
Ollama,http://172.234.44.177:3168,200,7
Ollama,http://172.104.238.92:12326,200,7
Ollama,http://104.21.75.162:80,403,3
Ollama,http://172.104.178.137:3158,200,2
Ollama,http://103.150.116.153:443,400,2
Ollama,http://97.107.137.87:3071,200,4
Ollama,http://13.233.84.118:993,200,3
Ollama,http://51.20.248.225:1025,200,6
Ollama,http://108.187.250.50:11434,404,2
Ollama,http://50.116.23.197:3154,200,9
Ollama,http://3.107.245.13:2103,200,2
Ollama,http://101.35.50.168:11434,404,2
Ollama,http://121.43.148.249:11434,404,2
Ollama,http://50.116.41.137:3003,200,6
Ollama,http://101.35.50.168:11434,200,3
Ollama,http://202.92.214.37:11434,200,3
Ollama,http://120.241.223.175:11434,200,2
Ollama,http://139.162.189.230:8080,200,3
Ollama,http://121.43.148.249:11434,200,3
Ollama,http://52.175.29.2:11434,200,2
Ollama,http://135.181.57.227:11434,404,2
Ollama,http://96.126.106.253:3099,200,3
Ollama,http://23.239.12.211:3069,200,4
Ollama,http://139.162.175.20:11434,200,3
Ollama,http://146.56.172.187:11434,200,3
Ollama,http://139.162.52.149:3160,200,1
Ollama,http://172.87.194.10:11434,200,3
Ollama,http://203.69.53.137:8032,404,1
Ollama,http://112.94.11.141:11434,200,3
Ollama,http://144.76.2.121:11434,200,2
Ollama,http://108.187.250.50:11434,200,3
Ollama,http://135.181.57.227:11434,200,2
Ollama,http://121.37.158.64:11434,200,2
Ollama,http://81.70.23.38:6100,200,3
Ollama,http://203.69.53.137:12082,200,2
Ollama,http://107.163.179.154:11434,200,2
Ollama,http://23.249.178.41:11434,404,2
Ollama,http://172.105.97.22:11434,500,1
Text Generate WebUI,http://8.153.65.148:3000,404,6
Text Generate WebUI,http://120.244.171.34:8000,401,6
Text Generate WebUI,http://203.122.226.70:7000,404,6
Text Generate WebUI,http://113.44.133.89:8000,403,5
Text Generate WebUI,http://113.44.133.89:8000,404,1
ComfyUI,http://222.128.126.48:8189,400,1
ComfyUI,http://222.128.126.48:8189,200,10
ComfyUI,http://36.133.228.126:8188,200,10
ComfyUI,http://111.12.146.23:8087,200,9
ComfyUI,http://36.133.228.126:8188,400,1
ComfyUI,http://36.133.228.126:8188,404,2
ComfyUI,http://111.207.155.116:8188,200,5
ComfyUI,http://207.246.87.147:8188,200,6
ComfyUI,http://34.70.121.100:8188,200,7
ComfyUI,http://146.190.206.20:50003,404,9
ComfyUI,http://222.128.126.48:8189,404,2
ComfyUI,http://183.36.37.210:8193,401,5
ComfyUI,http://47.104.166.168:8187,200,8
ComfyUI,http://20.6.8.15:8196,200,4
ComfyUI,http://103.238.162.253:8000,502,8
ComfyUI,http://118.193.96.214:7002,200,9
ComfyUI,http://49.232.172.59:9008,401,3
ComfyUI,http://118.195.154.105:9080,404,8
ComfyUI,http://47.96.165.206:8188,200,4
ComfyUI,http://43.143.224.158:8080,404,9
ComfyUI,http://111.223.48.130:8888,401,8
ComfyUI,http://172.105.118.104:8188,200,5
ComfyUI,http://116.177.238.113:5002,401,9
ComfyUI,http://184.82.219.241:8081,401,9
ComfyUI,http://116.196.93.93:8188,200,8
ComfyUI,http://180.76.186.85:9010,200,7
ComfyUI,http://179.61.72.221:7801,404,6
ComfyUI,http://43.139.223.6:3080,404,7
ComfyUI,http://39.101.78.78:9000,200,4
ComfyUI,http://103.150.10.87:8080,404,13
ComfyUI,http://113.57.161.110:8182,200,5
ComfyUI,http://8.218.158.189:3010,200,6
ComfyUI,http://64.247.196.67:8188,401,5
ComfyUI,http://108.240.173.188:5001,200,3
ComfyUI,http://36.103.199.247:9080,200,8
ComfyUI,http://115.238.33.250:9015,400,4
ComfyUI,http://120.46.157.182:8188,200,5
ComfyUI,http://112.111.0.70:4433,400,6
ComfyUI,http://61.48.133.26:8188,200,6
ComfyUI,http://129.153.31.96:5000,404,9
ComfyUI,http://116.62.172.231:8099,400,6
ComfyUI,http://205.198.121.126:8183,200,4
ComfyUI,http://5.129.157.224:8688,200,6
ComfyUI,http://20.6.8.15:8197,200,4
ComfyUI,http://95.31.17.96:8885,200,4
ComfyUI,http://5.129.157.224:8488,200,4
ComfyUI,http://8.134.170.86:8080,404,2
ComfyUI,http://207.246.87.147:8188,400,1
ComfyUI,http://124.71.222.110:8188,200,4
ComfyUI,http://8.140.226.4:3010,200,6
ComfyUI,http://8.155.30.208:465,404,3
ComfyUI,http://139.155.97.164:8181,200,4
ComfyUI,http://115.190.87.36:8188,200,2
ComfyUI,http://60.165.239.32:7010,401,6
ComfyUI,http://65.109.75.23:8188,200,4
ComfyUI,http://101.200.136.15:8388,200,4
ComfyUI,http://119.23.48.193:82,200,4
ComfyUI,http://81.181.76.222:8190,200,4
ComfyUI,http://104.36.86.2:8188,200,5
ComfyUI,http://45.250.34.11:8188,200,4
ComfyUI,http://152.32.205.149:9103,504,6
ComfyUI,http://183.6.80.227:8899,504,4
ComfyUI,http://8.155.30.208:465,200,2
ComfyUI,http://207.246.87.147:8188,404,1
ComfyUI,http://108.240.173.188:5001,404,3
ComfyUI,http://47.121.222.72:8186,400,5
ComfyUI,http://34.70.121.100:8188,400,1
ComfyUI,http://139.162.83.199:20000,404,3
ComfyUI,http://172.105.118.104:8188,400,1
ComfyUI,http://59.35.202.135:8188,200,4
ComfyUI,http://118.193.96.214:7002,400,1
ComfyUI,http://116.177.238.103:5001,200,6
ComfyUI,http://152.32.205.149:9107,504,5
ComfyUI,http://118.193.96.214:7002,404,1
ComfyUI,http://111.12.146.23:8087,400,1
ComfyUI,http://61.48.133.26:8188,400,1
ComfyUI,http://116.196.93.93:8188,400,1
ComfyUI,http://111.12.146.23:8087,404,1
ComfyUI,http://47.96.152.245:8188,200,4
ComfyUI,http://112.2.3.218:3001,404,4
ComfyUI,http://91.107.234.192:8188,200,3
ComfyUI,http://45.250.34.11:8188,400,1
ComfyUI,http://172.105.118.104:8188,404,1
ComfyUI,http://42.81.223.34:8334,200,4
ComfyUI,http://118.193.96.212:8318,200,4
ComfyUI,http://179.61.72.221:7801,400,1
ComfyUI,http://36.103.199.247:9080,400,1
ComfyUI,http://180.76.186.85:9010,400,1
ComfyUI,http://113.57.161.110:8182,400,1
ComfyUI,http://36.103.199.247:9080,404,1
ComfyUI,http://20.6.8.15:8196,400,1
ComfyUI,http://5.129.157.224:8688,400,1
ComfyUI,http://65.109.75.23:8188,400,1
ComfyUI,http://5.129.157.224:8688,404,1
ComfyUI,http://180.76.186.85:9010,404,1
ComfyUI,http://101.200.136.15:8388,400,1
ComfyUI,http://139.155.97.164:8181,400,1
ComfyUI,http://116.177.238.103:5001,400,1
ComfyUI,http://8.138.80.200:8090,404,3
ComfyUI,http://39.101.78.78:9000,400,1
ComfyUI,http://116.177.238.103:5001,404,1
ComfyUI,http://34.70.121.100:8188,404,1
ComfyUI,http://113.57.161.110:8182,404,1
ComfyUI,http://119.23.48.193:82,400,1
ComfyUI,http://104.36.86.2:8188,400,1
ComfyUI,http://47.104.166.168:8187,400,1
ComfyUI,http://47.104.166.168:8187,404,1
ComfyUI,http://20.6.8.15:8197,400,1
ComfyUI,http://104.36.86.2:8188,404,1
ComfyUI,http://139.155.97.164:8181,404,1
ComfyUI,http://61.48.133.26:8188,404,1
ComfyUI,http://120.46.157.182:8188,400,1
ComfyUI,http://118.193.96.212:8318,400,1
ComfyUI,http://5.129.157.224:8488,400,1
ComfyUI,http://111.207.155.116:8188,400,1
ComfyUI,http://120.46.157.182:8188,404,1
ComfyUI,http://20.6.8.15:8196,404,1
ComfyUI,http://111.207.155.116:8188,404,1
ComfyUI,http://59.35.202.135:8188,400,1
ComfyUI,http://124.71.222.110:8188,400,1
ComfyUI,http://205.198.121.126:8183,400,1
ComfyUI,http://124.71.222.110:8188,404,1
ComfyUI,http://116.196.93.93:8188,404,1
GPT4All,http://141.147.153.206:2001,404,4
GPT4All,http://159.223.194.89:5001,200,3
GPT4All,http://172.67.167.196:2087,400,4
GPT4All,http://50.39.235.57:5001,200,3
GPT4All,http://185.51.190.195:8008,500,4
GPT4All,http://193.30.121.50:8087,404,4
GPT4All,http://73.73.231.190:5001,200,3
GPT4All,http://47.223.225.187:5002,200,2
GPT4All,http://92.222.135.228:8000,200,1
GPT4All,http://50.39.235.57:5001,404,1
GPT4All,http://129.213.130.79:9090,401,4
GPT4All,http://15.206.187.56:5000,200,3
GPT4All,http://73.73.231.190:5001,404,1
GPT4All,http://73.230.221.193:5001,200,3
GPT4All,http://15.206.187.56:5000,404,1
GPT4All,http://129.213.30.55:9090,401,4
GPT4All,http://159.223.194.89:5001,404,1
GPT4All,http://92.222.135.228:8000,404,1
GPT4All,http://51.195.42.24:5001,200,1
GPT4All,http://73.230.221.193:5001,404,1
GPT4All,http://192.210.206.26:8080,404,4
GPT4All,http://98.170.212.135:5801,200,3
GPT4All,http://51.195.42.24:5001,404,1
GPT4All,http://188.25.209.15:5001,404,1
GPT4All,http://98.170.212.135:5801,404,1
GPT4All,http://51.195.42.24:5001,401,2
GPT4All,http://47.223.225.187:5002,404,1
GPT4All,http://132.145.142.128:9090,401,4
GPT4All,http://92.222.135.228:8000,500,2
GPT4All,http://71.8.190.71:5001,200,3
GPT4All,http://71.8.190.71:5001,404,1
GPT4All,http://188.25.209.15:5001,200,2
GPT4All,http://192.98.127.73:5001,200,1
GPT4All,http://192.98.127.73:5001,404,1
Gradio,http://111.196.180.221:9002,404,6
Gradio,http://39.108.74.176:9050,404,6
Gradio,http://120.79.112.57:7788,404,6
Gradio,http://117.72.52.93:6769,404,6
Gradio,http://140.115.53.102:8887,404,6
Gradio,http://129.146.118.105:1234,404,6
Gradio,http://18.167.184.106:8099,404,6
Gradio,http://136.243.80.39:9870,404,6
Gradio,http://20.86.147.17:8080,404,6
Gradio,http://35.247.122.105:8080,404,6
Gradio,http://116.203.39.250:8000,404,6
Gradio,http://178.63.94.49:50000,404,6
Gradio,http://43.162.119.95:8888,404,6
Gradio,http://83.222.25.214:8000,404,6
Gradio,http://170.106.67.6:9333,404,5
Gradio,http://118.70.126.72:7005,404,6
Gradio,http://121.158.193.243:50001,404,6
Gradio,http://211.91.71.93:8080,404,6
Gradio,http://222.228.139.129:2000,404,6
Gradio,http://50.186.180.197:7788,404,6
Gradio,http://43.134.41.59:8500,404,6
Gradio,http://89.169.132.135:8084,404,6
Gradio,http://180.184.45.219:12042,400,6
Gradio,http://58.87.84.81:7777,404,6
Gradio,http://107.167.18.133:9872,404,6
Gradio,http://3.25.230.196:8080,404,6
Gradio,http://47.88.27.102:9007,404,6
Gradio,http://221.216.40.59:5001,404,6
Gradio,http://195.251.199.65:8180,404,5
Gradio,http://117.72.52.93:7300,404,6
Gradio,http://211.63.24.78:8182,404,6
Gradio,http://95.161.145.250:9090,404,6
Gradio,http://45.113.201.120:8011,404,6
Gradio,http://111.229.205.231:6889,404,6
Gradio,http://180.184.45.219:12062,400,6
Gradio,http://117.72.52.93:8090,404,6
Gradio,http://101.35.250.82:9527,404,6
Gradio,http://116.211.118.80:8889,404,6
Gradio,http://113.45.142.41:8090,404,6
Gradio,http://154.17.9.156:8443,400,6
Gradio,http://43.133.177.92:8443,404,6
Gradio,http://60.190.249.69:10010,404,6
Gradio,http://180.184.45.219:12015,400,6
Gradio,http://88.99.210.49:8002,404,6
Gradio,http://188.245.74.163:7788,404,6
Gradio,http://211.39.138.164:8082,404,6
Gradio,http://175.178.149.242:7999,404,6
Gradio,http://38.55.193.50:8102,404,6
Gradio,http://47.75.32.69:6005,404,6
Gradio,http://77.39.234.154:8090,404,6
Gradio,http://103.224.167.167:8080,400,6
Gradio,http://39.108.81.126:1000,404,6
Gradio,http://39.184.247.13:8060,400,6
Gradio,http://120.79.151.46:10006,404,6
Gradio,http://14.103.93.47:9333,404,6
Gradio,http://1.215.228.146:9042,404,6
Gradio,http://34.124.192.32:8083,404,6
Gradio,http://34.46.2.115:5069,404,6
Gradio,http://47.100.85.168:8551,404,6
Gradio,http://182.34.183.194:5001,400,6
Gradio,http://41.59.229.12:7000,404,6
Gradio,http://47.113.112.201:8001,404,6
Gradio,http://221.204.53.134:8300,404,6
Gradio,http://43.130.42.162:8080,404,6
Gradio,http://114.67.65.197:8001,404,6
Gradio,http://137.175.114.17:8888,404,6
Gradio,http://8.137.120.63:10086,404,6
Gradio,http://116.205.110.195:6001,404,6
Gradio,http://111.8.36.180:8182,400,6
Gradio,http://13.126.177.116:8080,404,6
Gradio,http://202.30.131.71:8080,404,6
Gradio,http://118.31.222.159:8083,404,6
Gradio,http://41.59.229.12:9000,404,6
Gradio,http://211.181.81.202:5000,404,6
Gradio,http://139.9.222.66:8123,404,6
Gradio,http://59.57.251.148:8003,404,6
Gradio,http://54.213.226.250:5000,404,6
Gradio,http://195.251.199.65:8180,405,1
Gradio,http://39.105.192.202:7788,404,6
Gradio,http://47.107.128.214:20002,404,6
Jupyter Notebook,http://101.89.155.234:8888,403,10
Jupyter Notebook,http://101.89.155.234:8888,404,3
Jupyter Notebook,http://101.89.155.234:8888,200,1
Jupyter Notebook,http://54.223.212.188:8890,200,1
Jupyter Notebook,http://138.201.22.12:443,400,13
Jupyter Notebook,http://65.109.41.109:80,404,14
Jupyter Notebook,http://54.223.212.188:8890,403,8
Jupyter Notebook,http://101.227.64.243:8890,200,1
Jupyter Notebook,http://182.92.114.78:8888,200,1
Jupyter Notebook,http://121.5.114.4:8888,200,1
Jupyter Notebook,http://220.130.138.253:7025,200,1
Jupyter Notebook,http://188.74.119.138:443,400,4
Jupyter Notebook,http://62.68.146.157:8888,200,1
Jupyter Notebook,http://188.93.149.175:80,200,1
Jupyter Notebook,http://34.223.154.190:8888,200,1
Jupyter Notebook,http://42.193.128.98:808,200,1
Jupyter Notebook,http://43.143.28.19:7777,200,1
Jupyter Notebook,http://123.56.192.25:8888,200,1
Jupyter Notebook,http://125.33.211.205:8888,200,1
Jupyter Notebook,http://52.53.60.32:8888,200,1
Jupyter Notebook,http://164.92.209.136:80,404,6
Jupyter Notebook,http://43.155.78.33:12312,200,1
Jupyter Notebook,http://111.230.149.170:8888,200,1
Jupyter Notebook,http://121.169.18.220:7002,200,1
Jupyter Notebook,http://47.106.22.125:10000,200,1
Jupyter Notebook,http://35.89.132.245:8888,200,1
Jupyter Notebook,http://183.60.156.25:5678,200,1
Jupyter Notebook,http://134.175.115.190:443,400,6
Jupyter Notebook,http://114.55.94.169:8888,200,1
Jupyter Notebook,http://114.236.141.195:3531,200,1
Jupyter Notebook,http://3.141.57.84:443,400,6
Jupyter Notebook,http://114.80.150.195:8888,200,1
Jupyter Notebook,http://132.247.195.9:9001,200,1
Jupyter Notebook,http://140.114.36.52:8317,200,1
Jupyter Notebook,http://132.247.195.9:9001,403,6
Jupyter Notebook,http://188.93.149.175:80,403,5
Jupyter Notebook,http://104.237.158.66:8888,200,1
Jupyter Notebook,http://140.114.36.52:8317,403,7
Jupyter Notebook,http://46.101.149.26:80,404,7
Jupyter Notebook,http://220.130.138.253:7025,403,5
Jupyter Notebook,http://62.68.146.157:8888,403,6
Jupyter Notebook,http://43.143.28.19:7777,403,7
Jupyter Notebook,http://121.169.18.220:7002,403,6
Jupyter Notebook,http://111.230.149.170:8888,403,4
Jupyter Notebook,http://54.65.155.79:8888,200,1
Jupyter Notebook,http://182.92.114.78:8888,403,6
Jupyter Notebook,http://36.103.203.213:80,404,8
Jupyter Notebook,http://114.80.150.195:8888,403,3
Jupyter Notebook,http://80.241.208.200:8888,200,1
Jupyter Notebook,http://142.4.214.112:8888,200,1
Jupyter Notebook,http://8.140.53.238:8888,200,1
Jupyter Notebook,http://42.193.128.98:808,403,1
Jupyter Notebook,http://129.146.18.205:10086,200,1
Jupyter Notebook,http://183.60.156.25:5678,403,6
Jupyter Notebook,http://52.205.2.137:443,400,6
Jupyter Notebook,http://114.236.141.195:3531,403,5
Jupyter Notebook,http://80.241.208.200:8888,403,9
Jupyter Notebook,http://8.153.68.88:10027,200,1
Jupyter Notebook,http://125.33.211.205:8888,403,7
Jupyter Notebook,http://121.43.96.86:8888,200,1
Jupyter Notebook,http://200.239.172.197:8686,200,1
Jupyter Notebook,http://208.87.135.216:8080,200,1
Jupyter Notebook,http://114.55.94.169:8888,403,4
Jupyter Notebook,http://47.115.57.106:6969,200,1
Jupyter Notebook,http://39.106.53.201:35240,200,1
Jupyter Notebook,http://123.56.192.25:8888,403,4
Jupyter Notebook,http://103.143.72.50:8888,200,1
Jupyter Notebook,http://122.114.228.78:8888,200,1
Jupyter Notebook,http://18.244.214.99:443,400,6
Jupyter Notebook,http://136.36.170.193:8080,200,1
Jupyter Notebook,http://35.89.132.245:8888,403,5
Jupyter Notebook,http://142.4.214.112:8888,403,8
Jupyter Notebook,http://147.46.219.97:8969,200,1
Jupyter Notebook,http://121.43.96.86:8888,403,7
Jupyter Notebook,http://136.36.170.193:8080,403,5
Jupyter Notebook,http://47.115.57.106:6969,403,3
Jupyter Notebook,http://128.140.37.135:443,400,9
Jupyter Notebook,http://45.77.247.125:8888,200,1
Jupyter Notebook,http://152.3.100.149:443,400,2
Jupyter Notebook,http://8.153.68.88:10027,403,9
Jupyter Notebook,http://80.211.10.60:8888,200,1
Jupyter Notebook,http://34.22.100.244:8888,200,1
Jupyter Notebook,http://43.155.78.33:12312,403,2
Jupyter Notebook,http://47.252.94.72:80,404,6
Jupyter Notebook,http://34.22.100.244:8888,403,4
Jupyter Notebook,http://34.223.154.190:8888,403,5
Jupyter Notebook,http://34.138.12.53:8888,200,1
Jupyter Notebook,http://122.114.228.78:8888,403,4
Jupyter Notebook,http://43.132.201.181:443,400,5
Jupyter Notebook,http://115.70.36.7:80,200,1
Jupyter Notebook,http://74.235.129.226:51007,400,6
Jupyter Notebook,http://37.252.188.61:8888,200,1
Jupyter Notebook,http://188.191.162.82:80,404,3
Jupyter Notebook,http://85.214.205.50:8001,404,8
Jupyter Notebook,http://208.113.131.6:80,404,4
Jupyter Notebook,http://101.227.64.243:8890,403,5
Jupyter Notebook,http://193.237.255.133:443,404,3
Jupyter Notebook,http://52.53.60.32:8888,403,8
Jupyter Notebook,http://54.65.155.79:8888,403,3
Jupyter Notebook,http://200.239.172.197:8686,403,5
Jupyter Notebook,http://188.166.46.125:8888,200,1
Jupyter Notebook,http://113.45.77.44:8888,200,1
Jupyter Notebook,http://147.46.219.97:8969,403,5
Jupyter Notebook,http://113.45.77.44:8888,403,3
Jupyter Notebook,http://45.77.247.125:8888,403,4
Jupyter Notebook,http://80.211.10.60:8888,403,4
Jupyter Notebook,http://103.143.72.50:8888,403,5
Jupyter Notebook,http://80.241.208.200:8888,404,1
Jupyter Notebook,http://34.138.12.53:8888,403,2
Jupyter Notebook,http://115.70.36.7:80,403,5
Jupyter Notebook,http://139.196.171.158:8888,200,1
Jupyter Notebook,http://129.146.18.205:10086,403,5
Jupyter Notebook,http://47.92.243.187:443,400,3
Jupyter Notebook,http://208.87.135.216:8080,403,6
Jupyter Notebook,http://121.43.96.86:8888,404,1
Jupyter Notebook,http://52.53.60.32:8888,404,1
Jupyter Notebook,http://188.166.46.125:8888,403,2
Jupyter Notebook,http://37.252.188.61:8888,403,4
Jupyter Notebook,http://47.106.22.125:10000,403,5
Jupyter Notebook,http://144.126.4.135:443,404,4
Jupyter Notebook,http://8.140.53.238:8888,403,3
Jupyter Notebook,http://8.153.68.88:10027,404,1
Jupyter Notebook,http://220.130.138.253:6333,200,1
Jupyter Notebook,http://47.252.94.72:80,405,1
Jupyter Notebook,http://38.102.87.66:8888,200,1
Jupyter Notebook,http://34.159.70.22:8801,200,1
Jupyter Notebook,http://34.159.70.22:8801,403,5
Jupyter Notebook,http://139.196.171.158:8888,403,1
Jupyter Notebook,http://121.169.18.220:7002,404,1
Jupyter Notebook,http://62.68.146.157:8888,404,1
Jupyter Notebook,http://39.106.53.201:35240,403,5
Jupyter Notebook,http://208.113.131.6:80,405,1
Jupyter Notebook,http://43.143.28.19:7777,404,1
Jupyter Notebook,http://132.247.195.9:9001,404,1
Jupyter Notebook,http://54.223.212.188:8890,404,1
Jupyter Notebook,http://183.60.156.25:5678,404,1
Jupyter Notebook,http://104.237.158.66:8888,403,1
Jupyter Notebook,http://142.4.214.112:8888,404,1
Jupyter Notebook,http://208.87.135.216:8080,404,1
Jupyter Notebook,http://140.114.36.52:8317,404,1
Jupyter Notebook,http://125.33.211.205:8888,404,1
Jupyter Notebook,http://182.92.114.78:8888,404,1
Jupyter Notebook,http://188.93.149.175:80,404,1
Jupyter Notebook,http://114.236.141.195:3531,404,1
Jupyter Notebook,http://39.106.53.201:35240,404,1
Jupyter Notebook,http://136.36.170.193:8080,404,1
Llamacpp,http://20.163.232.116:8080,404,1
Llamacpp,http://20.163.232.116:8080,500,1
Llamacpp,http://49.13.169.209:8080,200,6
Llamacpp,http://20.163.232.116:8080,200,6
Llamacpp,http://49.13.169.209:8080,404,1
Llamacpp,http://49.13.169.209:8080,500,1
Llamacpp,http://172.190.143.64:8080,200,5
Llamacpp,http://20.163.237.93:8080,200,5
Llamacpp,http://172.206.213.188:8080,200,3
Llamacpp,http://20.163.232.116:8080,501,1
Llamacpp,http://58.144.141.28:8443,400,3
Llamacpp,http://39.99.156.148:8001,403,6
Llamacpp,http://203.122.226.70:7000,404,7
Llamacpp,http://66.94.125.133:8090,200,4
Llamacpp,http://20.163.237.51:8080,200,4
Llamacpp,http://172.203.137.26:8080,200,2
Llamacpp,http://47.108.28.20:8000,403,6
Llamacpp,http://43.163.8.33:8000,403,6
Llamacpp,http://203.83.237.177:8082,400,6
Llamacpp,http://95.214.54.196:8090,200,3
Llamacpp,http://143.198.133.37:8090,200,5
Llamacpp,http://2.56.99.109:8090,200,4
Llamacpp,http://65.49.60.22:8090,200,3
Llamacpp,http://144.91.105.18:8090,200,3
Llamacpp,http://192.144.239.168:8000,403,5
Llamacpp,http://46.29.166.185:8088,200,2
Llamacpp,http://144.76.56.210:7777,200,5
Llamacpp,http://152.53.37.103:8090,200,4
Llamacpp,http://65.109.144.47:8080,404,3
Llamacpp,http://45.126.120.33:8000,200,3
Llamacpp,http://34.219.20.4:8182,401,4
Llamacpp,http://81.169.206.122:1234,200,4
Llamacpp,http://35.224.50.12:8503,200,3
Llamacpp,http://94.72.105.248:8090,200,5
Llamacpp,http://138.201.139.121:8090,200,4
Llamacpp,http://64.176.167.2:8000,403,6
Llamacpp,http://50.224.102.189:16000,502,4
Llamacpp,http://172.190.243.85:8080,200,5
Llamacpp,http://20.235.41.63:8080,200,2
Llamacpp,http://154.53.56.112:8090,200,6
Llamacpp,http://150.230.186.45:8080,200,3
Llamacpp,http://217.77.6.127:8090,200,6
Llamacpp,http://96.46.48.244:8000,200,2
Llamacpp,http://167.71.198.143:8090,200,6
Llamacpp,http://172.190.143.64:8080,500,1
Llamacpp,http://23.88.4.214:8989,401,6
Llamacpp,http://74.48.194.238:8090,404,6
Llamacpp,http://20.163.237.93:8080,500,1
Llamacpp,http://54.244.40.131:8201,401,6
Llamacpp,http://101.43.150.107:10002,400,9
Llamacpp,http://49.13.169.209:8080,501,1
Llamacpp,http://8.138.122.59:8000,403,7
Llamacpp,http://2.56.99.109:8090,500,1
Llamacpp,http://65.109.144.47:8080,200,3
Llamacpp,http://154.53.57.197:8090,200,4
Llamacpp,http://172.190.143.64:8080,501,1
Llamacpp,http://82.29.162.62:8090,200,6
Llamacpp,http://15.204.173.80:9898,200,7
Llamacpp,http://35.224.50.12:8503,500,1
Llamacpp,http://217.77.6.127:8090,500,1
Llamacpp,http://52.142.54.118:8080,200,3
Llamacpp,http://167.71.198.143:8090,500,1
Llamacpp,http://119.45.30.83:3000,404,4
Llamacpp,http://138.201.139.121:8090,500,1
Llamacpp,http://65.109.144.47:8080,500,2
Llamacpp,http://20.163.237.93:8080,501,1
Llamacpp,http://117.131.11.114:9090,200,2
Llamacpp,http://82.29.162.62:8090,500,1
Llamacpp,http://154.53.56.112:8090,500,1
Llamacpp,http://150.230.186.45:8080,500,1
Llamacpp,http://172.190.243.85:8080,500,1
Llamacpp,http://152.53.37.103:8090,500,1
Llamacpp,http://66.94.125.133:8090,500,1
Llamacpp,http://144.76.56.210:7777,500,1
Llamacpp,http://66.220.29.112:8090,200,3
Llamacpp,http://89.149.211.116:9100,200,2
Llamacpp,http://143.198.133.37:8090,500,1
Llamacpp,http://150.230.186.45:8080,404,1
Llamacpp,http://172.206.213.188:8080,500,1
Llamacpp,http://144.76.56.210:7777,501,1
Llamacpp,http://20.235.41.63:8080,500,1
Llamacpp,http://152.53.88.53:8090,200,2
Llamacpp,http://46.29.166.185:8088,500,1
Llamacpp,http://66.220.29.112:8090,500,1
Llamacpp,http://154.53.57.197:8090,500,1
Llamacpp,http://144.91.105.18:8090,500,1
Llamacpp,http://52.142.54.118:8080,500,1
Llamacpp,http://167.71.198.143:8090,404,2
Llamacpp,http://172.190.243.85:8080,501,1
Llamacpp,http://94.72.105.248:8090,500,1
Llamacpp,http://154.53.56.112:8090,404,2
Llamacpp,http://40.87.87.163:8080,200,2
Llamacpp,http://54.244.40.131:8201,200,2
Llamacpp,http://117.131.11.114:9090,500,1
Llamacpp,http://45.126.120.33:8000,500,1
Llamacpp,http://64.176.167.2:8000,404,3
Llamacpp,http://82.29.162.62:8090,404,2
Llamacpp,http://217.77.6.127:8090,404,2
Llamacpp,http://45.126.120.33:8000,501,1
Llamacpp,http://65.109.119.91:8090,200,2
Llamacpp,http://81.169.206.122:1234,500,1
Llamacpp,http://62.146.227.5:8090,200,2
Llamacpp,http://54.244.40.131:8201,404,1
Llamacpp,http://120.244.171.34:8000,401,4
Llamacpp,http://42.200.206.158:5001,200,2
Llamacpp,http://40.87.87.163:8080,500,1
Llamacpp,http://20.163.237.51:8080,500,1
Llamacpp,http://94.72.105.248:8090,404,1
Llamacpp,http://95.214.54.196:8090,500,1
Llamacpp,http://172.206.213.188:8080,501,1
Llamacpp,http://20.235.41.63:8080,404,1
Llamacpp,http://117.131.11.114:9090,501,1
Llamacpp,http://20.163.237.51:8080,501,1
Llamacpp,http://96.46.48.244:8000,500,1
Llamacpp,http://172.190.243.85:8080,404,1
Llamacpp,http://62.146.227.5:8090,500,1
Llamacpp,http://35.224.50.12:8503,400,1
Llamacpp,http://66.94.125.133:8090,404,1
Llamacpp,http://47.108.28.20:8000,404,3
Llamacpp,http://138.201.139.121:8090,404,1
Llamacpp,http://143.198.133.37:8090,404,1
Llamacpp,http://65.109.119.91:8090,500,1
Llamacpp,http://52.142.54.118:8080,501,1
Llamacpp,http://81.169.206.122:1234,404,1
Llamacpp,http://43.163.8.33:8000,404,3
Llamacpp,http://65.49.60.22:8090,500,1
Llamacpp,http://152.53.88.53:8090,500,1
Llamacpp,http://96.46.48.244:8000,400,1
Llamacpp,http://23.88.4.214:8989,200,1
Llamacpp,http://144.76.56.210:7777,404,1
Llamacpp,http://172.190.143.64:8080,404,1
Llamacpp,http://2.56.99.109:8090,404,1
Llamacpp,http://46.29.166.185:8088,400,1
Llamacpp,http://154.53.57.197:8090,404,1
Llamacpp,http://117.131.11.114:9090,404,1
Llamacpp,http://20.163.237.93:8080,404,1
Jan,http://43.252.89.90:8080,404,30
Jan,http://37.120.182.4:8880,404,10
Jan,http://84.29.194.37:5001,400,8
Jan,http://152.53.49.200:8000,419,9
Jan,http://202.61.225.250:8001,404,10
Jan,http://212.127.143.47:5000,404,12
Jan,http://84.10.99.192:8081,400,11
Jan,http://185.58.41.50:8080,404,12
Jan,http://13.126.75.14:8080,404,12
Jan,http://212.127.143.47:5001,400,6
Jan,http://116.203.95.170:8080,404,12
Jan,http://81.169.145.150:8080,404,10
Jan,http://202.65.73.242:5001,400,14
Jan,http://152.53.49.200:8000,200,4
Jan,http://94.208.252.239:5001,400,10
Jan,http://211.10.90.212:8880,404,8
Jan,http://68.178.175.220:4001,404,11
Jan,http://177.153.58.211:8080,404,12
Jan,http://89.176.148.166:5001,400,13
Jan,http://62.238.152.48:5000,405,8
Jan,http://202.65.73.242:5000,404,10
Jan,http://78.129.222.14:8000,404,10
Jan,http://91.107.211.61:3000,404,9
Jan,http://78.47.53.104:8000,419,7
Jan,http://84.19.30.185:1207,404,6
Jan,http://82.194.205.68:5001,400,6
Jan,http://82.38.56.58:8081,400,11
Jan,http://85.209.49.197:8000,404,9
Jan,http://94.226.100.13:5001,400,5
Jan,http://109.133.66.104:8850,200,14
Jan,http://164.92.135.37:8443,400,6
Jan,http://87.195.147.161:4000,404,9
Jan,http://164.92.135.37:8080,200,12
Jan,http://84.19.30.231:1207,404,14
Jan,http://211.10.90.206:8880,404,15
Jan,http://84.105.231.12:5001,400,11
Jan,http://46.36.40.127:8080,404,8
Jan,http://116.203.65.132:8080,404,8
Jan,http://81.173.127.1:1443,400,7
Jan,http://103.245.22.246:8080,404,8
Jan,http://84.19.30.251:1207,404,9
Jan,http://104.21.58.200:8443,400,8
Jan,http://46.28.111.158:3080,404,7
Jan,http://65.108.128.58:9000,404,9
Jan,http://82.194.205.68:5000,404,12
Jan,http://79.207.186.233:5001,400,3
Jan,http://146.185.145.158:1337,405,9
Jan,http://81.95.110.105:85,404,9
Jan,http://84.19.30.239:1207,404,9
Jan,http://217.121.51.105:5001,400,9
Jan,http://78.80.146.85:8008,200,10
Jan,http://65.108.128.58:9000,500,2
Jan,http://209.122.132.208:8001,400,4
Jan,http://176.153.181.160:8201,400,10
Jan,http://84.19.30.241:1207,404,4
Jan,http://81.172.173.52:5000,405,8
Jan,http://152.53.12.149:8880,404,6
Jan,http://46.28.111.158:3080,405,2
Jan,http://85.248.25.132:85,404,4
Jan,http://146.185.145.158:1337,404,3
Jan,http://82.168.100.208:5001,400,2
Jan,http://65.108.128.58:9000,200,1
Jan,http://62.238.152.48:5000,404,1
Jan,http://81.172.173.52:5000,404,1
NextChat,http://146.56.179.100:8989,404,15
NextChat,http://150.129.138.200:3000,404,15
NextChat,http://117.161.89.6:3000,404,9
NextChat,http://147.78.246.6:81,404,4
NextChat,http://168.138.8.242:7001,401,5
NextChat,http://43.153.65.228:3000,404,4
NextChat,http://141.148.156.132:9898,404,6
NextChat,http://72.18.80.221:3000,404,8
NextChat,http://154.206.134.242:3000,404,4
NextChat,http://154.17.234.26:8092,404,8
NextChat,http://118.25.23.79:3001,404,6
NextChat,http://43.133.33.169:4000,404,6
NextChat,http://154.206.152.217:3000,404,4
NextChat,http://154.206.128.142:3000,404,5
NextChat,http://113.45.151.148:3002,404,1
NextChat,http://103.137.185.234:3000,404,5
NextChat,http://148.135.73.153:3000,404,9
NextChat,http://47.251.40.48:9999,404,8
NextChat,http://116.255.147.46:3000,404,7
NextChat,http://13.113.62.7:3000,404,11
NextChat,http://152.32.181.115:50000,404,5
NextChat,http://101.200.76.125:3000,404,8
NextChat,http://212.52.48.68:3000,404,6
NextChat,http://39.105.25.199:3001,404,3
NextChat,http://47.101.185.154:3000,404,5
NextChat,http://120.79.113.174:3000,404,3
NextChat,http://101.200.220.61:3000,404,3
NextChat,http://154.206.128.157:3000,404,6
NextChat,http://47.93.31.48:4455,404,4
NextChat,http://38.207.165.195:32768,404,9
NextChat,http://8.217.240.149:3001,404,6
NextChat,http://138.2.114.240:3000,404,7
NextChat,http://180.156.44.223:30001,404,7
NextChat,http://4.206.97.226:3000,404,5
NextChat,http://8.134.135.170:3000,404,11
NextChat,http://51.20.56.33:3000,404,5
NextChat,http://47.119.176.35:8080,404,5
NextChat,http://119.91.21.144:8088,404,6
NextChat,http://117.88.140.45:3000,404,6
NextChat,http://192.187.117.134:3000,404,7
NextChat,http://139.159.135.46:3000,404,10
NextChat,http://23.237.197.43:3000,404,2
NextChat,http://74.48.115.150:8098,404,8
NextChat,http://154.206.128.148:3000,404,3
NextChat,http://124.221.66.202:3000,404,4
NextChat,http://47.91.188.49:3000,404,4
NextChat,http://154.206.146.77:3000,404,8
NextChat,http://168.138.126.251:8091,403,6
NextChat,http://43.224.155.193:3001,404,8
NextChat,http://152.69.192.137:7878,404,8
NextChat,http://154.206.146.93:3000,404,3
NextChat,http://43.153.152.163:3000,404,6
NextChat,http://52.131.246.3:3003,404,9
NextChat,http://154.201.72.184:3000,404,6
NextChat,http://154.206.156.39:3000,404,10
NextChat,http://43.153.97.251:8900,404,4
NextChat,http://142.171.72.33:50000,404,5
NextChat,http://43.156.19.183:3000,404,12
NextChat,http://150.109.93.151:3000,404,8
NextChat,http://39.99.253.247:3000,404,3
NextChat,http://47.243.121.25:3000,404,5
NextChat,http://42.192.9.49:3100,404,2
NextChat,http://8.134.190.8:3002,404,2
NextChat,http://140.245.32.99:8000,404,5
NextChat,http://116.62.168.71:3002,404,2
NextChat,http://101.32.183.61:3000,404,1
NextChat,http://124.234.208.54:3000,404,1
NextChat,http://165.154.20.179:3000,404,1
Llamafile,http://194.163.153.162:8090,404,4
Llamafile,http://85.239.237.152:8090,200,3
Llamafile,http://94.72.117.207:8090,200,3
Llamafile,http://149.102.153.156:8090,200,3
Llamafile,http://66.94.125.133:8090,404,12
Llamafile,http://2.56.99.109:8090,404,12
Llamafile,http://144.91.105.18:8090,404,12
Llamafile,http://129.159.132.119:8080,401,1
Llamafile,http://89.117.17.238:8090,200,2
Llamafile,http://65.108.68.79:8090,404,8
Llamafile,http://62.146.227.5:8090,200,2
Llamafile,http://65.19.178.22:8090,200,2
Llamafile,http://65.108.68.79:8090,200,2
Llamafile,http://151.80.20.199:8090,200,2
Llamafile,http://151.80.20.199:8090,404,4
Llamafile,http://149.102.153.156:8090,404,12
Llamafile,http://2.56.99.109:8090,200,3
Llamafile,http://65.109.39.154:8090,200,2
Llamafile,http://65.19.178.22:8090,404,10
Llamafile,http://154.12.243.0:8090,404,9
Llamafile,http://92.60.36.224:8090,200,2
Llamafile,http://176.10.127.176:8080,200,1
Llamafile,http://129.159.132.119:8080,404,9
Llamafile,http://209.126.11.170:8090,200,2
Llamafile,http://152.53.134.92:8090,200,2
Llamafile,http://188.68.60.33:8090,200,2
Llamafile,http://209.126.11.170:8090,404,8
Llamafile,http://62.146.227.5:8090,404,7
Llamafile,http://89.117.17.238:8090,404,6
Llamafile,http://82.29.162.62:8090,404,4
Llamafile,http://154.12.243.0:8090,200,2
Llamafile,http://167.71.198.143:8090,404,5
Llamafile,http://66.94.125.133:8090,200,3
Llamafile,http://65.109.119.91:8090,404,4
Llamafile,http://82.29.162.62:8090,200,2
Llamafile,http://94.72.117.207:8090,404,12
Llamafile,http://188.68.60.33:8090,404,5
Llamafile,http://65.109.54.13:8090,200,2
Llamafile,http://144.91.105.18:8090,200,3
Llamafile,http://66.220.29.11:8090,200,2
Llamafile,http://65.109.119.91:8090,200,2
Llamafile,http://194.163.153.162:8090,200,2
Llamafile,http://85.239.237.152:8090,404,11
Llamafile,http://92.60.36.224:8090,404,8
Llamafile,http://66.220.29.11:8090,404,9
Llamafile,http://78.46.73.188:8090,404,4
Llamafile,http://167.71.198.143:8090,200,2
Llamafile,http://129.159.132.119:8080,503,1
Llamafile,http://78.46.73.188:8090,200,2
Llamafile,http://65.109.39.154:8090,404,8
Llamafile,http://158.220.117.55:8090,200,2
Llamafile,http://94.72.117.117:8090,200,2
Llamafile,http://176.10.127.176:8080,404,4
Llamafile,http://154.53.56.112:8090,404,4
Llamafile,http://94.72.117.117:8090,404,3
Llamafile,http://176.10.127.176:8080,503,1
Llamafile,http://158.220.117.55:8090,404,6
Llamafile,http://152.53.134.92:8090,404,5
Llamafile,http://154.12.247.18:8090,404,4
Llamafile,http://20.235.41.63:8080,404,6
Llamafile,http://154.12.247.18:8090,200,2
Llamafile,http://65.109.54.13:8090,404,3
Llamafile,http://154.53.56.112:8090,200,2
LM studio,http://139.144.217.136:9928,200,15
LM studio,http://89.33.192.147:6443,400,30
LM studio,http://132.145.133.105:11434,500,2
LM studio,http://195.140.147.103:8000,404,15
LM studio,http://101.43.150.107:10002,400,15
LM studio,http://124.70.152.128:3000,405,19
LM studio,http://8.133.255.160:8888,404,15
LM studio,http://113.44.166.14:8000,403,10
LM studio,http://111.229.186.13:3001,404,15
LM studio,http://101.37.145.198:18000,403,10
LM studio,http://192.210.206.26:8080,404,14
LM studio,http://82.213.226.105:8090,404,15
LM studio,http://172.67.218.201:8443,400,15
LM studio,http://198.176.55.4:8000,403,10
LM studio,http://222.246.108.252:8888,404,15
LM studio,http://103.117.222.60:8000,403,10
LM studio,http://118.89.79.208:18080,403,10
LM studio,http://113.44.133.89:8000,403,10
LM studio,http://47.103.56.79:6103,404,15
LM studio,http://5.59.249.94:8000,403,10
LM studio,http://8.138.122.59:8000,403,15
LM studio,http://158.140.136.247:8080,405,10
LM studio,http://113.45.205.246:8000,403,10
LM studio,http://14.145.197.69:8443,400,30
LM studio,http://113.44.166.14:81,403,10
LM studio,http://64.176.167.2:8000,403,10
LM studio,http://37.27.43.40:8080,403,10
LM studio,http://113.44.170.243:8080,404,15
LM studio,http://175.207.162.130:8000,400,15
LM studio,http://39.102.210.33:8000,403,10
LM studio,http://132.145.133.105:11434,404,11
LM studio,http://43.163.8.33:8000,403,10
LM studio,http://120.244.171.34:8000,401,15
LM studio,http://158.140.136.247:8080,404,5
LM studio,http://132.145.133.105:11434,200,2
LM studio,http://113.44.166.14:81,404,5
LM studio,http://124.70.152.128:3000,200,10
LM studio,http://5.59.249.94:8000,404,5
LM studio,http://101.37.145.198:18000,404,5
LM studio,http://64.176.167.2:8000,404,5
LM studio,http://113.44.133.89:8000,404,5
LM studio,http://37.27.43.40:8080,404,5
LM studio,http://39.102.210.33:8000,404,5
LM studio,http://198.176.55.4:8000,404,5
LM studio,http://113.44.166.14:8000,404,5
LM studio,http://103.117.222.60:8000,404,5
LM studio,http://113.45.205.246:8000,404,5
LM studio,http://118.89.79.208:18080,404,5
LM studio,http://43.163.8.33:8000,404,5
VLLM,http://43.128.105.11:8080,404,13
VLLM,http://116.196.108.31:8008,502,13
VLLM,http://168.138.195.227:8036,404,13
VLLM,http://168.138.195.227:8036,200,2
VLLM,http://36.103.177.31:50001,404,6
VLLM,http://104.21.15.206:2083,400,13
VLLM,http://43.128.105.11:8080,500,2
VLLM,http://111.229.186.13:3001,404,6
VLLM,http://221.6.205.110:9106,404,10
VLLM,http://43.153.113.121:5000,404,5
VLLM,http://58.220.217.10:12000,404,6
VLLM,http://154.204.181.85:20006,404,9
VLLM,http://111.229.175.250:5000,404,15
VLLM,http://120.244.171.34:8000,401,9
VLLM,http://144.24.79.10:3210,404,13
VLLM,http://81.169.145.90:8080,404,9
VLLM,http://117.88.40.219:8848,404,10
VLLM,http://47.79.42.225:32769,404,7
VLLM,http://113.44.166.14:81,403,9
VLLM,http://117.72.39.156:8443,400,3
VLLM,http://51.81.210.204:3210,404,9
VLLM,http://172.67.164.57:2087,400,8
VLLM,http://193.112.95.180:8090,403,9
VLLM,http://104.208.96.192:10001,404,4
VLLM,http://138.2.58.79:8036,404,9
VLLM,http://156.227.232.222:10084,404,10
VLLM,http://3.209.67.229:8080,404,10
VLLM,http://165.140.202.11:88,404,6
VLLM,http://180.106.159.139:10001,404,9
VLLM,http://137.220.40.184:10001,404,9
VLLM,http://20.191.144.66:9001,404,13
VLLM,http://154.37.212.237:3210,404,9
VLLM,http://139.224.47.37:3000,405,9
VLLM,http://128.135.164.123:1234,501,7
VLLM,http://117.72.101.45:8090,404,9
VLLM,http://111.113.214.132:30,404,6
VLLM,http://59.175.44.57:3001,404,7
VLLM,http://103.119.1.120:3000,404,8
VLLM,http://123.56.77.251:9001,404,9
VLLM,http://139.180.132.63:9090,404,10
VLLM,http://119.23.178.22:7002,404,8
VLLM,http://112.2.3.218:8000,404,9
VLLM,http://145.223.80.6:8001,404,15
VLLM,http://113.44.133.89:8000,403,7
VLLM,http://148.135.70.154:50000,404,9
VLLM,http://203.83.237.177:8082,400,9
VLLM,http://150.158.131.50:8084,404,12
VLLM,http://74.48.194.144:8085,404,10
VLLM,http://159.138.57.196:3210,404,7
VLLM,http://117.72.101.45:8090,405,2
VLLM,http://160.16.119.138:8082,404,9
VLLM,http://64.181.247.157:8000,404,4
VLLM,http://43.163.8.33:8000,403,9
VLLM,http://180.127.11.174:7777,404,9
VLLM,http://47.102.109.252:3000,404,7
VLLM,http://38.29.145.42:3000,404,5
VLLM,http://45.8.113.148:32769,404,10
VLLM,http://192.3.80.139:8036,404,7
VLLM,http://156.254.6.28:8088,404,10
VLLM,http://185.136.162.121:8020,500,3
VLLM,http://129.154.218.157:50000,404,9
VLLM,http://43.157.98.28:9443,400,8
VLLM,http://49.235.129.118:50001,404,10
VLLM,http://112.124.46.23:7001,404,10
VLLM,http://216.158.226.106:8082,404,13
VLLM,http://211.42.37.153:8888,404,8
VLLM,http://117.72.116.236:18080,501,9
VLLM,http://117.72.67.165:10004,405,6
VLLM,http://185.136.162.121:8020,200,2
VLLM,http://159.226.21.213:3002,404,7
VLLM,http://147.135.15.225:3001,404,8
VLLM,http://188.68.55.150:8070,404,4
VLLM,http://13.202.86.137:3000,404,5
VLLM,http://152.53.34.28:3002,404,7
VLLM,http://183.131.244.174:7777,400,2
VLLM,http://66.212.18.238:8888,404,5
VLLM,http://185.136.162.121:8020,404,3
VLLM,http://144.24.79.10:3210,200,2
VLLM,http://150.158.131.50:8084,200,2
VLLM,http://20.191.144.66:9001,200,2
VLLM,http://43.163.8.33:8000,404,1
VLLM,http://74.48.194.144:8085,500,2
VLLM,http://139.180.132.63:9090,200,1
VLLM,http://45.8.113.148:32769,500,2
VLLM,http://148.135.70.154:50000,200,1
VLLM,http://103.72.97.228:32768,404,10
VLLM,http://103.72.97.228:32768,200,1
VLLM,http://3.209.67.229:8080,200,1
VLLM,http://193.112.95.180:8090,404,3
VLLM,http://152.53.34.28:3002,200,1
VLLM,http://117.72.116.236:18080,404,2
OpenWebUI,http://110.40.43.187:3000,403,3
OpenWebUI,http://121.43.143.180:8090,404,1
OpenWebUI,http://119.8.116.191:3000,403,3
OpenWebUI,http://121.43.143.180:8090,401,2
OpenWebUI,http://110.40.20.2:3000,401,1
OpenWebUI,http://110.40.20.2:3000,403,2
OpenWebUI,http://49.234.186.233:3000,403,3
OpenWebUI,http://142.171.45.250:3000,403,3
OpenWebUI,http://213.202.223.202:3000,403,3
OpenWebUI,http://114.251.135.82:3000,403,2
OpenWebUI,http://159.69.29.209:3000,403,3
OpenWebUI,http://153.35.82.14:3000,403,3
OpenWebUI,http://47.99.81.126:3000,403,3
OpenWebUI,http://109.199.96.251:8080,401,1
OpenWebUI,http://109.199.96.251:8080,403,2
OpenWebUI,http://36.138.171.157:3000,403,3
OpenWebUI,http://47.115.172.176:3000,403,2
OpenWebUI,http://88.197.52.60:8080,403,2
OpenWebUI,http://60.172.131.83:3000,403,3
OpenWebUI,http://101.126.85.69:8080,403,3
OpenWebUI,http://85.214.211.151:3000,403,3
OpenWebUI,http://88.99.57.241:3000,403,3
OpenWebUI,http://157.230.57.206:11434,403,3
OpenWebUI,http://211.86.152.208:8080,403,3
OpenWebUI,http://132.226.14.78:3000,401,3
OpenWebUI,http://165.22.99.91:3000,404,3
OpenWebUI,http://106.15.54.250:8080,404,3
OpenWebUI,http://113.105.41.15:3000,403,3
OpenWebUI,http://142.171.236.32:5000,403,3
OpenWebUI,http://74.48.61.84:3000,403,2
OpenWebUI,http://103.127.99.95:3000,403,3
OpenWebUI,http://8.140.250.78:10067,400,3
OpenWebUI,http://116.62.116.255:3000,403,2
OpenWebUI,http://114.251.135.82:3000,500,1
OpenWebUI,http://1.14.108.13:3000,403,3
OpenWebUI,http://43.156.228.96:3000,403,3
OpenWebUI,http://183.241.49.168:30001,403,2
OpenWebUI,http://195.26.240.229:8080,403,2
OpenWebUI,http://50.46.229.76:8080,403,3
OpenWebUI,http://121.43.164.216:3000,403,3
OpenWebUI,http://195.78.46.43:3001,403,3
OpenWebUI,http://193.70.75.3:8080,403,2
OpenWebUI,http://193.70.75.3:8080,500,1
OpenWebUI,http://82.67.99.35:3000,403,2
OpenWebUI,http://83.229.121.33:3000,403,2
OpenWebUI,http://195.254.132.46:8080,403,3
OpenWebUI,http://86.3.47.24:8080,403,3
OpenWebUI,http://149.102.142.110:8141,404,3
OpenWebUI,http://78.46.41.50:3000,200,1
OpenWebUI,http://129.80.129.149:3000,403,3
OpenWebUI,http://182.92.110.19:3030,403,3
OpenWebUI,http://58.39.239.58:3000,200,1
OpenWebUI,http://195.26.240.229:8080,401,1
OpenWebUI,http://88.222.212.95:8080,403,3
OpenWebUI,http://177.194.239.139:3001,403,3
OpenWebUI,http://116.62.116.255:3000,401,1
OpenWebUI,http://195.254.132.120:8080,403,3
OpenWebUI,http://120.232.132.37:18001,403,3
OpenWebUI,http://82.153.134.181:8080,403,3
OpenWebUI,http://141.85.224.190:8080,403,2
OpenWebUI,http://183.241.49.168:30001,401,1
OpenWebUI,http://78.46.41.50:3000,405,1
OpenWebUI,http://34.27.247.181:3000,403,3
OpenWebUI,http://74.48.61.84:3000,500,1
OpenWebUI,http://20.196.65.158:3000,403,3
OpenWebUI,http://194.233.68.78:3000,403,3
OpenWebUI,http://38.45.67.240:3000,403,3
OpenWebUI,http://188.26.155.196:8443,403,3
OpenWebUI,http://112.243.55.120:9999,403,3
OpenWebUI,http://91.227.181.162:8082,403,2
OpenWebUI,http://51.79.255.27:3000,403,3
OpenWebUI,http://83.229.121.33:3000,401,1
OpenWebUI,http://38.49.38.35:3000,403,3
OpenWebUI,http://117.159.41.174:8443,400,3
OpenWebUI,http://212.132.88.74:3000,403,2
OpenWebUI,http://103.175.218.69:3000,403,3
OpenWebUI,http://141.85.224.190:8080,500,1
OpenWebUI,http://111.2.199.30:8082,403,3
OpenWebUI,http://82.67.99.35:3000,500,1
OpenWebUI,http://212.132.88.74:3000,500,1
OpenWebUI,http://110.10.242.160:3000,403,3
OpenWebUI,http://101.43.96.157:3002,403,3
OpenWebUI,http://5.9.102.30:3000,403,3
OpenWebUI,http://78.46.41.50:3000,403,1
OpenWebUI,http://91.108.124.186:3000,403,2
OpenWebUI,http://101.42.23.218:3000,403,2
OpenWebUI,http://43.139.141.142:3000,403,3
OpenWebUI,http://43.155.141.155:3000,403,3
OpenWebUI,http://82.29.167.7:8080,403,3
OpenWebUI,http://101.42.23.218:3000,500,1
OpenWebUI,http://178.156.133.105:3000,403,3
OpenWebUI,http://108.254.160.156:3000,403,3
OpenWebUI,http://91.227.181.162:8082,500,1
OpenWebUI,http://139.196.228.252:8080,403,3
OpenWebUI,http://154.43.167.42:3000,403,3
OpenWebUI,http://78.47.3.189:3000,403,2
OpenWebUI,http://152.32.151.246:8080,403,3
OpenWebUI,http://47.79.39.134:3000,403,3
OpenWebUI,http://89.240.14.20:8080,403,3
OpenWebUI,http://91.108.124.186:3000,500,1
OpenWebUI,http://88.198.59.77:8080,403,2
OpenWebUI,http://47.115.172.176:3000,401,1
OpenWebUI,http://118.181.137.56:3000,403,3
OpenWebUI,http://98.169.89.243:3000,403,3
OpenWebUI,http://88.197.52.60:8080,401,1
OpenWebUI,http://175.114.138.119:3000,403,2
OpenWebUI,http://154.9.228.114:3000,403,3
OpenWebUI,http://138.3.251.87:3000,403,3
OpenWebUI,http://175.114.138.119:3000,401,1
OpenWebUI,http://206.190.238.212:8443,400,3
OpenWebUI,http://178.32.255.139:3000,403,3
OpenWebUI,http://147.93.145.5:8080,500,3
OpenWebUI,http://79.250.182.140:8080,403,3
OpenWebUI,http://195.128.227.252:3000,403,3
OpenWebUI,http://58.39.239.58:3000,405,1
OpenWebUI,http://5.75.141.242:3000,403,3
OpenWebUI,http://48.217.213.227:3000,403,3
OpenWebUI,http://95.165.101.79:8080,403,3
OpenWebUI,http://124.156.227.192:3000,403,2
OpenWebUI,http://58.39.239.58:3000,403,1
OpenWebUI,http://147.93.104.62:8080,403,3
OpenWebUI,http://148.251.12.81:8080,403,3
OpenWebUI,http://142.171.204.246:3000,403,3
OpenWebUI,http://103.99.24.60:6060,403,2
OpenWebUI,http://88.198.59.77:8080,401,1
OpenWebUI,http://103.99.24.60:6060,401,1
OpenWebUI,http://78.47.3.189:3000,500,1
OpenWebUI,http://124.156.227.192:3000,401,1
OpenWebUI,http://46.101.105.226:3000,403,3
Ray Serve,http://49.232.173.211:8001,500,2
Ray Serve,http://3.128.161.3:5000,500,2
Ray Serve,http://3.89.184.232:81,404,2
Ray Serve,http://52.87.50.157:5002,500,2
Ray Serve,http://46.101.14.70:8003,500,2
